{"1": {"cc_nrefs": [31840], "max_cc": null, "rmsd": 0.15483489551253168, "max_angular_difference": 0.0, "correlation_coefficients": [0.9849328665018122], "bravais": "aP", "cb_op": "a,b,c", "min_cc": null, "unit_cell": [39.76757594142326, 42.36820149561286, 42.46792394461138, 89.98456537509928, 89.91249815336879, 89.98125775759544], "nspots": 9000}, "2": {"cc_nrefs": [31840, 18185], "max_cc": 0.8514922202465459, "rmsd": 0.15460440840560064, "max_angular_difference": 0.024890447460535817, "correlation_coefficients": [0.9849328665018122, 0.8514922202465459], "bravais": "mP", "cb_op": "a,b,c", "min_cc": 0.8514922202465459, "unit_cell": [39.77425459848719, 42.371426722093354, 42.468769149841044, 90.00000000000001, 89.9033629917774, 90.00000000000001], "nspots": 9000}, "3": {"cc_nrefs": [31840, 16008], "max_cc": 0.8320169841697889, "rmsd": 0.1578054408344102, "max_angular_difference": 0.07950877567065263, "correlation_coefficients": [0.9849328665018122, 0.8320169841697889], "bravais": "mP", "cb_op": "-b,-a,-c", "min_cc": 0.8320169841697889, "unit_cell": [42.36795241025094, 39.787534704986506, 42.48272996091429, 90.00000000000001, 89.96118967619944, 90.00000000000001], "nspots": 9000}, "4": {"cc_nrefs": [31840, 19167], "max_cc": 0.8622324522243365, "rmsd": 0.16101142414058672, "max_angular_difference": 0.07901372272919269, "correlation_coefficients": [0.9849328665018122, 0.8622324522243365], "bravais": "mP", "cb_op": "-a,-c,-b", "min_cc": 0.8622324522243365, "unit_cell": [39.763389391036206, 42.45752159104076, 42.34082919039728, 90.00000000000001, 89.99475270210966, 90.00000000000001], "nspots": 9000}, "5": {"cc_nrefs": [31840, 16008, 18185, 19167], "max_cc": 0.8622324522243365, "rmsd": 0.16032702874439528, "max_angular_difference": 0.07950877567065263, "correlation_coefficients": [0.9849328665018122, 0.8320169841697889, 0.8514922202465459, 0.8622324522243365], "bravais": "oP", "cb_op": "a,b,c", "min_cc": 0.8320169841697889, "unit_cell": [39.76324370448985, 42.34216783522413, 42.45483135175691, 90.00000000000001, 90.00000000000001, 90.00000000000001], "nspots": 9000}, "6": {"cc_nrefs": [31840, 21594], "max_cc": 0.923013187728266, "rmsd": 0.16673372472108863, "max_angular_difference": 0.14819715246423762, "correlation_coefficients": [0.9849328665018122, 0.923013187728266], "bravais": "mC", "cb_op": "b+c,-b+c,a", "min_cc": 0.923013187728266, "unit_cell": [60.00717357408067, 59.991526590544474, 39.74814995623626, 90.00000000000001, 89.9056494523247, 90.00000000000001], "nspots": 9000}, "7": {"cc_nrefs": [31840, 17080], "max_cc": 0.8601508989526406, "rmsd": 0.16258992626956636, "max_angular_difference": 0.1576385921866726, "correlation_coefficients": [0.9849328665018122, 0.8601508989526406], "bravais": "mC", "cb_op": "b-c,b+c,a", "min_cc": 0.8601508989526406, "unit_cell": [60.04891726364512, 60.053082067600776, 39.81579622059095, 90.00000000000001, 90.13043370112563, 90.00000000000001], "nspots": 9000}, "8": {"cc_nrefs": [31840, 21594, 17080, 16008], "max_cc": 0.923013187728266, "rmsd": 0.17201079105924402, "max_angular_difference": 0.1576385921866726, "correlation_coefficients": [0.9849328665018122, 0.923013187728266, 0.8601508989526406, 0.8320169841697889], "bravais": "oC", "cb_op": "b-c,b+c,a", "min_cc": 0.8320169841697889, "unit_cell": [60.003205937597386, 60.036166954487754, 39.780592168294014, 90.00000000000001, 90.00000000000001, 90.00000000000001], "nspots": 9000}, "9": {"cc_nrefs": [31840, 19319, 19338, 16008], "max_cc": 0.8484325827289735, "rmsd": 0.1706609454470847, "max_angular_difference": 0.1576385921866726, "correlation_coefficients": [0.9849328665018122, 0.8454671252243051, 0.8484325827289735, 0.8320169841697889], "bravais": "tP", "cb_op": "b,c,a", "min_cc": 0.8320169841697889, "unit_cell": [42.410196982518364, 42.410196982518364, 39.75586363303407, 90.00000000000001, 90.00000000000001, 90.00000000000001], "nspots": 9000}, "10": {"cc_nrefs": [31840, 17892], "max_cc": 0.6506712437217955, "rmsd": 1.4246233841672247, "max_angular_difference": 3.6202039290275287, "correlation_coefficients": [0.9849328665018122, 0.6506712437217955], "bravais": "mC", "cb_op": "a-b,a+b,c", "min_cc": 0.6506712437217955, "unit_cell": [61.74799760472643, 60.788462186875705, 44.150179611543344, 90.00000000000001, 90.49945980913306, 90.00000000000001], "nspots": 9000}, "11": {"cc_nrefs": [31840, 20464], "max_cc": 0.6789964535510933, "rmsd": 1.4206437792609596, "max_angular_difference": 3.61985394184576, "correlation_coefficients": [0.9849328665018122, 0.6789964535510933], "bravais": "mC", "cb_op": "a+b,-a+b,c", "min_cc": 0.6789964535510933, "unit_cell": [60.69626920934716, 61.72214651070837, 44.007894401953216, 90.00000000000001, 90.30846667310227, 90.00000000000001], "nspots": 9000}, "12": {"cc_nrefs": [31840, 20464, 17892, 19167], "max_cc": 0.8622324522243365, "rmsd": 1.4489837828687395, "max_angular_difference": 3.6202039290275287, "correlation_coefficients": [0.9849328665018122, 0.6789964535510933, 0.6506712437217955, 0.8622324522243365], "bravais": "oC", "cb_op": "a-b,a+b,c", "min_cc": 0.6506712437217955, "unit_cell": [61.598075885150664, 60.68172913084247, 44.01435015068484, 90.00000000000001, 90.00000000000001, 90.00000000000001], "nspots": 9000}, "13": {"cc_nrefs": [31840, 15593, 15590, 19167], "max_cc": 0.8622324522243365, "rmsd": 1.4699353120879406, "max_angular_difference": 3.6202039290275287, "correlation_coefficients": [0.9849328665018122, 0.6391318848037961, 0.6490702094335075, 0.8622324522243365], "bravais": "tP", "cb_op": "a,b,c", "min_cc": 0.6391318848037961, "unit_cell": [42.997569061731625, 42.997569061731625, 43.95498134241524, 90.00000000000001, 90.00000000000001, 90.00000000000001], "nspots": 9000}, "14": {"cc_nrefs": [31840, 15652], "max_cc": 0.6161645350617431, "rmsd": 1.6315772368694026, "max_angular_difference": 3.761674528776274, "correlation_coefficients": [0.9849328665018122, 0.6161645350617431], "bravais": "mC", "cb_op": "-a+c,a+c,b", "min_cc": 0.6161645350617431, "unit_cell": [63.912114428080905, 63.18644421422681, 45.12891254097059, 90.00000000000001, 89.23232079801063, 90.00000000000001], "nspots": 9000}, "15": {"cc_nrefs": [31840, 18242], "max_cc": 0.6514755364425595, "rmsd": 1.625024287482966, "max_angular_difference": 3.761593135211053, "correlation_coefficients": [0.9849328665018122, 0.6514755364425595], "bravais": "mC", "cb_op": "a+c,a-c,b", "min_cc": 0.6514755364425595, "unit_cell": [62.084548892407916, 61.8555571486477, 44.217590518585595, 90.00000000000001, 90.97743789023606, 90.00000000000001], "nspots": 9000}, "16": {"cc_nrefs": [31840, 18242, 15652, 18185], "max_cc": 0.8514922202465459, "rmsd": 1.708407665486197, "max_angular_difference": 3.761674528776274, "correlation_coefficients": [0.9849328665018122, 0.6514755364425595, 0.6161645350617431, 0.8514922202465459], "bravais": "oC", "cb_op": "-a+c,a+c,b", "min_cc": 0.6161645350617431, "unit_cell": [63.04439627251434, 62.80583568175672, 44.66690996927755, 90.00000000000001, 90.00000000000001, 90.00000000000001], "nspots": 9000}, "17": {"cc_nrefs": [31840, 16309, 16289, 18185], "max_cc": 0.8514922202465459, "rmsd": 1.7077876443817148, "max_angular_difference": 3.761674528776274, "correlation_coefficients": [0.9849328665018122, 0.6436385969449911, 0.6313237738490006, 0.8514922202465459], "bravais": "tP", "cb_op": "c,a,b", "min_cc": 0.6313237738490006, "unit_cell": [44.55075323606715, 44.55075323606715, 44.768115252346725, 90.00000000000001, 90.00000000000001, 90.00000000000001], "nspots": 9000}, "18": {"cc_nrefs": [31840, 19207, 19208], "max_cc": 0.6533808909371036, "rmsd": 1.660108733875956, "max_angular_difference": 3.761593135211053, "correlation_coefficients": [0.9849328665018122, 0.6527922782365488, 0.6533808909371036], "bravais": "hR", "cb_op": "b-c,-a+c,a+b+c", "min_cc": 0.6527922782365488, "unit_cell": [62.376707955557904, 62.3767079555579, 75.57170677318031, 90.00000000000001, 90.0, 119.99999999999999], "nspots": 9000}, "19": {"cc_nrefs": [31840, 15968, 15941],